Repo,Language,Last Updated,GitHub Org,Local,Updated,Status,Live URL,Deployment Platform,PWA,Framework,Styling,Backend,Database,Blockchain,Wallet Integration,Has Tests,Has CI/CD,Documentation,README Quality,Resume Worthy,Featured Project,Key Tags,Demo Ready,Project Type,Archive Candidate,Notes,Stars,Forks,Watchers,Open Issues,Size (KB),Created At,Pushed At,Description,Homepage,Full Name,Primary Language,Language Breakdown,Topics,Is Fork,Archived,Disabled,Private,Visibility,Has Pages,Has Issues,Has Projects,Has Wiki,Has Downloads,Default Branch,License,License Name,HTML URL,Clone URL,Git URL,SSH URL,Subscribers,Network Count,Contributors Count,Releases Count,Latest Release Date,Social Preview URL,README URL,README Size (bytes),README Name,Has README,Latest Release Tag,Latest Release Name,README Path,Latest Commit Message,Latest Commit Date,Latest Commit Author,OG Title,OG Description,OG Image,OG Type,OG URL,OG Site Name,Favicon
video-tiling,Python,2026-01-02T02:13:08Z,whaleen,yes,,active,,,,,,none,none,,no,no,basic,basic,yes,no,"Python,Video,Automation",no,tool,no,Video processing automation tool,,0,0,0,0,38,2026-01-01T20:33:36Z,2026-01-02T02:13:05Z,"trim, concatenate, and tile videos using a variety of layouts, audio settings and transition affects. automated ""editor"" processes for making video ""collages"".",,whaleen/video-tiling,Python,Python: 100.0%,,no,no,no,no,public,no,yes,yes,yes,yes,main,,,https://github.com/whaleen/video-tiling,https://github.com/whaleen/video-tiling.git,git://github.com/whaleen/video-tiling.git,git@github.com:whaleen/video-tiling.git,0,0,1+,0,,https://opengraph.githubassets.com/1/whaleen/video-tiling,https://github.com/whaleen/video-tiling/blob/main/README.md,19305,README.md,yes,,,/readmes/whaleen/video-tiling.md,distribution mode: same folder settings for distribution across tiles,2026-01-02T02:13:01Z,whaleen,,,,,,,
bore,TypeScript,2026-01-04T02:17:16Z,boringprotocol,no,,active,,,no,React,Tailwind,Node.js,postgres,Solana,yes,no,no,basic,good,yes,yes,"Web3,Solana,VPN,Chrome",no,app,no,Web3-enabled VPN node management platform,0,0,0,0,1310,2024-11-26T16:36:16Z,2025-07-25T20:28:52Z,"Web3-enabled proxy/VPN node management platform with Solana authentication, Chrome extension, and Vultr cloud integration for decentralized network infrastructure",https://bore.ndao.computer,boringprotocol/bore,TypeScript,"TypeScript: 84.3%, JavaScript: 14.5%, CSS: 0.6%","blockchain,chrome-extension,cloud-infrastructure,daisyui,monorepo,netlify,node-management,postgresql,prisma,proxy,react,solana,tailwindcss,turbo,typescript,vite,vpn,vultr,web3",no,no,no,no,public,no,yes,yes,yes,yes,main,,,https://github.com/boringprotocol/bore,https://github.com/boringprotocol/bore.git,git://github.com/boringprotocol/bore.git,git@github.com:boringprotocol/bore.git,1,0,1+,0,,https://opengraph.githubassets.com/1/boringprotocol/bore,https://github.com/boringprotocol/bore/blob/main/README.md,2459,README.md,yes,,,/readmes/boringprotocol/bore.md,Fix TypeScript error in nodes function - add missing return statements,2025-07-25T20:28:41Z,Joshua Vaage,bore - private path,,,,,,https://bore.ndao.computer/bore.svg
kirby,TypeScript,2026-01-04T00:48:53Z,whaleen,,,,,,,,,,,,,,,,,,,,,,,,0,0,0,0,1803,2025-07-14T20:20:11Z,2025-07-15T03:31:05Z,Kirb got a bit too excited at Jupiter Studio,https://kirby-on-studio.netlify.app,whaleen/kirby,TypeScript,"TypeScript: 93.2%, CSS: 4.6%, HTML: 1.7%","solana,jupiter-studio",no,no,no,no,public,no,yes,yes,yes,yes,main,,,https://github.com/whaleen/kirby,https://github.com/whaleen/kirby.git,git://github.com/whaleen/kirby.git,git@github.com:whaleen/kirby.git,0,0,1+,0,,https://opengraph.githubassets.com/1/whaleen/kirby,https://github.com/whaleen/kirby/blob/main/README.md,1818,README.md,yes,,,/readmes/whaleen/kirby.md,...,2025-07-15T03:31:02Z,whaleen,Kirby On Studio - $KIRBY Token | Jupiter Studio,Kirb got a bit too excited at Jupiter Studio. Join the $KIRBY community-driven token project on Studio.,https://kirby-on-studio.netlify.app/og-image.jpg,website,https://kirby-on-studio.netlify.app/,,https://kirby-on-studio.netlify.app/materials/logo.jpg
api-monitor,JavaScript,2025-06-20T16:43:32Z,whaleen,yes,,active,,,no,React,,Node.js,none,none,no,no,no,basic,good,yes,no,"React,Tool,Chrome,Monitoring",no,tool,no,Chrome extension + server + React UI for API monitoring,0,0,0,0,66,2024-12-20T18:17:23Z,2025-06-20T16:43:28Z,"A three-part system for monitoring, storing, and visualizing API/network requests. Includes a Chrome extension, a Node.js server, and a React web interface for real-time API monitoring and analysis.",,whaleen/api-monitor,JavaScript,"JavaScript: 94.3%, CSS: 3.5%, HTML: 2.2%","api-analytics,api-monitor,chrome-extension,data-visualization,http,network-monitor,nodejs,react,real-time,request-logging,response-logging,server,tailwindcss,web-app,web-extension,websocket",no,no,no,no,public,no,yes,yes,yes,yes,master,,,https://github.com/whaleen/api-monitor,https://github.com/whaleen/api-monitor.git,git://github.com/whaleen/api-monitor.git,git@github.com:whaleen/api-monitor.git,1,0,1+,0,,https://opengraph.githubassets.com/1/whaleen/api-monitor,https://github.com/whaleen/api-monitor/blob/master/README.md,2308,README.md,yes,,,/readmes/whaleen/api-monitor.md,update package.json,2025-06-20T16:43:25Z,whaleen,,,,,,,
shopify-bootstrap-2,Liquid,2025-06-20,whaleen,,,,,,,,,,,,,,,,,,,,,,,ARCHIVED,,,,,,,,,,,,,,,,,,,,,,,,,,,,,,,,,,,,,,,,,,,,,,,,,,,,,
whaleen,—,2025-05-27,whaleen,,,,,,,,,,,,,,,,,,,,,,,Profile README,,,,,,,,,,,,,,,,,,,,,,,,,,,,,,,,,,,,,,,,,,,,,,,,,,,,,
rufas,TypeScript,2025-05-22,whaleen,,,,,,,,,,,,,,,,,,,,,,,ARCHIVED - AI context tool,,,,,,,,,,,,,,,,,,,,,,,,,,,,,,,,,,,,,,,,,,,,,,,,,,,,,
rufasDB,TypeScript,2024-12-31T16:46:16Z,whaleen,,,,,,,,,,,,,,,,,,,,,,,,0,0,0,0,4631,2024-12-31T11:16:55Z,2024-12-31T16:46:13Z,"RufasDB is a lightweight, flat-file database with a Prisma-like interface designed for browser environments. It provides a simple, intuitive ORM (Object-Relational Mapping) using the File System Access API to manage data persistently in web applications.",https://www.npmjs.com/package/rufasdb,whaleen/rufasDB,TypeScript,"TypeScript: 89.4%, JavaScript: 10.6%",,no,no,no,no,public,no,yes,yes,yes,yes,master,MIT,MIT License,https://github.com/whaleen/rufasDB,https://github.com/whaleen/rufasDB.git,git://github.com/whaleen/rufasDB.git,git@github.com:whaleen/rufasDB.git,1,0,1+,0,,https://opengraph.githubassets.com/1/whaleen/rufasDB,https://github.com/whaleen/rufasDB/blob/master/README.md,3024,README.md,yes,,,/readmes/whaleen/rufasDB.md,"docs+issues: add project vision and track major limitations

- Add vision.md explaining browser-based DB concept and limitations
- Create issues/ dir tracking relationships and transactions as major features
- Tag source files by category (core/cli/config/doc)
- Update README with clearer limitations section
- No code changes, focusing on project direction and documentation",2024-12-31T16:46:06Z,whaleen,,,,,,,
ephemeral-text,JavaScript,2024-12-18T02:26:53Z,whaleen,yes,,active,,,no,,,none,none,none,no,no,no,basic,basic,no,no,"Tool,macOS",no,app,no,TextEdit alternative for macOS that doesn't save files,0,0,0,0,464,2024-12-18T02:22:14Z,2024-12-18T02:26:49Z,"textEdit alternative for Mac OS that doesn't save files, and ""doesn't ask any questions"".",,whaleen/ephemeral-text,JavaScript,"JavaScript: 45.4%, CSS: 35.8%, HTML: 18.7%",,no,no,no,yes,private,no,yes,yes,no,yes,main,,,https://github.com/whaleen/ephemeral-text,https://github.com/whaleen/ephemeral-text.git,git://github.com/whaleen/ephemeral-text.git,git@github.com:whaleen/ephemeral-text.git,1,0,1+,0,,https://opengraph.githubassets.com/1/whaleen/ephemeral-text,https://github.com/whaleen/ephemeral-text/blob/main/README.md,4908,README.md,yes,,,/readmes/whaleen/ephemeral-text.md,chore: update README.md,2024-12-18T02:26:45Z,whaleen,,,,,,,
astrds,TypeScript,2025-06-19T22:18:57Z,whaleen,no,,active,,,no,React,,Node.js,none,Solana,yes,no,no,basic,good,yes,yes,"Web3,Solana,Game",yes,game,no,Web3 Asteroids remake with Phantom wallet,0,0,0,0,58253,2024-11-10T07:24:02Z,2024-11-26T02:15:19Z,Web3-enabled remake of the classic Asteroids arcade game with Solana blockchain integration and Phantom wallet authentication,https://astrds.ndao.computer,whaleen/astrds,TypeScript,"TypeScript: 92.1%, JavaScript: 7.5%, CSS: 0.3%","arcade,asteroids,blockchain,canvas,game,netlify,phantom-wallet,react,serverless,solana,typescript,web3",no,no,no,no,public,no,yes,yes,yes,yes,main,,,https://github.com/whaleen/astrds,https://github.com/whaleen/astrds.git,git://github.com/whaleen/astrds.git,git@github.com:whaleen/astrds.git,1,0,1+,0,,https://opengraph.githubassets.com/1/whaleen/astrds,https://github.com/whaleen/astrds/blob/main/README.md,4344,README.md,yes,,,/readmes/whaleen/astrds.md,...,2024-11-26T02:15:14Z,whaleen,ASTRDS,,,,,,https://astrds.ndao.computer/favicon.svg
scan,TypeScript,2025-06-20,whaleen,no,,active,,,no,React,Tailwind,Node.js,none,Solana,yes,no,no,basic,good,yes,no,"Web3,Solana,Dashboard",no,app,no,Real-time Solana token analytics dashboard,,,,,,,,,,,,,,,,,,,,,,,,,,,,,,,,,,,,,,,,,,,,,,,,,,,,,
llmix,JavaScript,2024-11-08T04:20:22Z,whaleen,,,,,,,,,,,,,,,,,,,,,,,,0,0,0,0,87,2024-11-07T12:26:35Z,2024-11-08T04:20:17Z,LLMix helps you prepare code for AI interactions by organizing and generating context-rich content files from your repository.,,whaleen/llmix,JavaScript,"JavaScript: 98.0%, HTML: 1.0%, TypeScript: 0.9%",,no,no,no,no,public,no,yes,yes,yes,yes,main,,,https://github.com/whaleen/llmix,https://github.com/whaleen/llmix.git,git://github.com/whaleen/llmix.git,git@github.com:whaleen/llmix.git,1,0,1+,0,,https://opengraph.githubassets.com/1/whaleen/llmix,https://github.com/whaleen/llmix/blob/main/README.md,6673,README.md,yes,,,/readmes/whaleen/llmix.md,ignore .llmix,2024-11-08T04:20:14Z,whaleen,,,,,,,
nil-sites,TypeScript,2024-11-19T12:23:33Z,whaleen,,,,,,,,,,,,,,,,,,,,,,,,0,0,0,0,1653,2024-11-04T22:48:29Z,2024-11-07T09:44:23Z,,https://cto-desk.vercel.app,whaleen/nil-sites,TypeScript,"TypeScript: 95.3%, CSS: 4.0%, JavaScript: 0.7%",,no,no,no,no,public,no,yes,yes,no,yes,main,,,https://github.com/whaleen/nil-sites,https://github.com/whaleen/nil-sites.git,git://github.com/whaleen/nil-sites.git,git@github.com:whaleen/nil-sites.git,1,0,1+,0,,https://opengraph.githubassets.com/1/whaleen/nil-sites,https://github.com/whaleen/nil-sites/blob/main/README.md,1450,README.md,yes,,,/readmes/whaleen/nil-sites.md,,,,,,,,,,
nothing-computer-sites,TypeScript,2024-08-08,whaleen,,,,,,,,,,,,,,,,,,,,,,,,,,,,,,,,,,,,,,,,,,,,,,,,,,,,,,,,,,,,,,,,,,,,,,,,,,,,
invisible,TypeScript,2024-06-01T00:02:11Z,whaleen,,,,,,,,,,,,,,,,,,,,,,,,0,0,0,0,1017,2024-05-31T19:38:26Z,2024-06-01T00:02:08Z,"there is no ticker, ily",https://invisible-pi.vercel.app,whaleen/invisible,TypeScript,"TypeScript: 86.5%, JavaScript: 13.1%, CSS: 0.3%",,no,no,no,yes,private,no,yes,yes,no,yes,main,MIT,MIT License,https://github.com/whaleen/invisible,https://github.com/whaleen/invisible.git,git://github.com/whaleen/invisible.git,git@github.com:whaleen/invisible.git,1,0,1+,0,,https://opengraph.githubassets.com/1/whaleen/invisible,https://github.com/whaleen/invisible/blob/main/README.md,3527,README.md,yes,,,,,,,,,,,,,
badge-up,MDX,2024-05-16,whaleen,,,,,,,,,,,,,,,,,,,,,,,,,,,,,,,,,,,,,,,,,,,,,,,,,,,,,,,,,,,,,,,,,,,,,,,,,,,,
weasol,TypeScript,2024-05-14T11:23:46Z,whaleen,,,,,,,,,,,,,,,,,,,,,,,,0,0,0,0,3688,2024-05-14T10:02:27Z,2024-05-14T11:23:43Z,,https://weasol-seven.vercel.app,whaleen/weasol,TypeScript,"TypeScript: 73.3%, CSS: 19.4%, JavaScript: 7.3%",,no,no,no,yes,private,no,yes,yes,no,yes,main,,,https://github.com/whaleen/weasol,https://github.com/whaleen/weasol.git,git://github.com/whaleen/weasol.git,git@github.com:whaleen/weasol.git,1,0,1+,0,,https://opengraph.githubassets.com/1/whaleen/weasol,https://github.com/whaleen/weasol/blob/main/README.md,1383,README.md,yes,,,/readmes/whaleen/weasol.md,,,,,,,,,,
pool-tourn,TypeScript,2024-04-25T08:45:27Z,whaleen,,,,,,,,,,,,,,,,,,,,,,,,0,0,0,0,55,2024-04-25T08:44:23Z,2024-04-25T08:44:31Z,,https://pool-tourn.vercel.app,whaleen/pool-tourn,TypeScript,"TypeScript: 89.1%, CSS: 8.0%, JavaScript: 3.0%",,no,no,no,yes,private,no,yes,yes,no,yes,main,,,https://github.com/whaleen/pool-tourn,https://github.com/whaleen/pool-tourn.git,git://github.com/whaleen/pool-tourn.git,git@github.com:whaleen/pool-tourn.git,1,0,1+,0,,https://opengraph.githubassets.com/1/whaleen/pool-tourn,https://github.com/whaleen/pool-tourn/blob/main/README.md,1383,README.md,yes,,,/readmes/whaleen/pool-tourn.md,"Initial commit

Created from https://vercel.com/new",2024-04-25T08:44:30Z,whaleen,,,,,,,
motherbored-app,TypeScript,2024-04-11,whaleen,,,,,,,,,,,,,,,,,,,,,,,,,,,,,,,,,,,,,,,,,,,,,,,,,,,,,,,,,,,,,,,,,,,,,,,,,,,,
airwolf,TypeScript,2026-01-04T02:05:58Z,whaleen,,,,,,,,,,,,,,,,,,,,,,,,0,0,0,0,2859,2024-04-05T23:20:04Z,2024-04-06T02:09:13Z,,,whaleen/airwolf,TypeScript,"TypeScript: 87.0%, CSS: 10.1%, JavaScript: 2.9%",,no,no,no,yes,private,no,yes,yes,no,yes,main,,,https://github.com/whaleen/airwolf,https://github.com/whaleen/airwolf.git,git://github.com/whaleen/airwolf.git,git@github.com:whaleen/airwolf.git,1,0,1+,0,,https://opengraph.githubassets.com/1/whaleen/airwolf,https://github.com/whaleen/airwolf/blob/main/README.md,1383,README.md,yes,,,/readmes/whaleen/airwolf.md,Update page.tsx,2024-04-06T02:09:11Z,whaleen,,,,,,,
nil-computer,TypeScript,2024-03-21,whaleen,,,,,,,,,,,,,,,,,,,,,,,,,,,,,,,,,,,,,,,,,,,,,,,,,,,,,,,,,,,,,,,,,,,,,,,,,,,,
mco,JavaScript,2024-03-15,whaleen,,,,,,,,,,,,,,,,,,,,,,,,,,,,,,,,,,,,,,,,,,,,,,,,,,,,,,,,,,,,,,,,,,,,,,,,,,,,
twtr-site,TypeScript,2026-01-04T01:56:40Z,whaleen,,,,,,,,,,,,,,,,,,,,,,,,0,0,0,7,24005,2024-02-29T17:15:56Z,2024-03-10T02:48:20Z,$TWTR on Solana ,,whaleen/twtr-site,TypeScript,"TypeScript: 94.2%, JavaScript: 4.5%, CSS: 1.1%",,no,no,no,yes,private,no,yes,yes,no,yes,master,,,https://github.com/whaleen/twtr-site,https://github.com/whaleen/twtr-site.git,git://github.com/whaleen/twtr-site.git,git@github.com:whaleen/twtr-site.git,1,0,1+,0,,https://opengraph.githubassets.com/1/whaleen/twtr-site,https://github.com/whaleen/twtr-site/blob/master/README.md,594,README.md,yes,,,/readmes/whaleen/twtr-site.md,weqweqwe,2024-03-10T02:48:17Z,whaleen,,,,,,,
grande,TypeScript,2024-03-02,whaleen,,,,,,,,,,,,,,,,,,,,,,,,,,,,,,,,,,,,,,,,,,,,,,,,,,,,,,,,,,,,,,,,,,,,,,,,,,,,
fast,Nunjucks,2023-08-13,whaleen,,,,,,,,,,,,,,,,,,,,,,,,,,,,,,,,,,,,,,,,,,,,,,,,,,,,,,,,,,,,,,,,,,,,,,,,,,,,
last,Nunjucks,2023-08-13,whaleen,,,,,,,,,,,,,,,,,,,,,,,,,,,,,,,,,,,,,,,,,,,,,,,,,,,,,,,,,,,,,,,,,,,,,,,,,,,,
tast,Nunjucks,2023-08-13,whaleen,,,,,,,,,,,,,,,,,,,,,,,,,,,,,,,,,,,,,,,,,,,,,,,,,,,,,,,,,,,,,,,,,,,,,,,,,,,,
dude,—,2023-08-13,whaleen,,,,,,,,,,,,,,,,,,,,,,,,,,,,,,,,,,,,,,,,,,,,,,,,,,,,,,,,,,,,,,,,,,,,,,,,,,,,
static-digital-sale,HTML,2020-02-28,whaleen,,,,,,,,,,,,,,,,,,,,,,,,,,,,,,,,,,,,,,,,,,,,,,,,,,,,,,,,,,,,,,,,,,,,,,,,,,,,
11ty-netlify-jumpstart,SCSS,2020-11-18,whaleen,,,,,,,,,,,,,,,,,,,,,,,,,,,,,,,,,,,,,,,,,,,,,,,,,,,,,,,,,,,,,,,,,,,,,,,,,,,,
occam-athletics,HTML,2020-02-27,whaleen,,,,,,,,,,,,,,,,,,,,,,,,,,,,,,,,,,,,,,,,,,,,,,,,,,,,,,,,,,,,,,,,,,,,,,,,,,,,
eleventy-netlify-boilerplate,JavaScript,2020-03-10,whaleen,,,,,,,,,,,,,,,,,,,,,,,,,,,,,,,,,,,,,,,,,,,,,,,,,,,,,,,,,,,,,,,,,,,,,,,,,,,,
eleventy-sanity,JavaScript,2020-02-26,whaleen,,,,,,,,,,,,,,,,,,,,,,,,,,,,,,,,,,,,,,,,,,,,,,,,,,,,,,,,,,,,,,,,,,,,,,,,,,,,
jekyll-forestry-snipcart,HTML,2023-05-12,whaleen,,,,,,,,,,,,,,,,,,,,,,,,,,,,,,,,,,,,,,,,,,,,,,,,,,,,,,,,,,,,,,,,,,,,,,,,,,,,
geoff,HTML,2020-04-10,whaleen,,,,,,,,,,,,,,,,,,,,,,,,,,,,,,,,,,,,,,,,,,,,,,,,,,,,,,,,,,,,,,,,,,,,,,,,,,,,
jekyll-avalanche-tachyons-sass,Ruby,2020-01-31,whaleen,,,,,,,,,,,,,,,,,,,,,,,,,,,,,,,,,,,,,,,,,,,,,,,,,,,,,,,,,,,,,,,,,,,,,,,,,,,,
dyel,Ruby,2019-09-24,whaleen,,,,,,,,,,,,,,,,,,,,,,,,,,,,,,,,,,,,,,,,,,,,,,,,,,,,,,,,,,,,,,,,,,,,,,,,,,,,
11ty-tailwindcss-postcss,HTML,2023-09-20,whaleen,,,,,,,,,,,,,,,,,,,,,,,,,,,,,,,,,,,,,,,,,,,,,,,,,,,,,,,,,,,,,,,,,,,,,,,,,,,,
eleventy-netlify-boilerplate-2,HTML,2020-11-23,whaleen,,,,,,,,,,,,,,,,,,,,,,,,,,,,,,,,,,,,,,,,,,,,,,,,,,,,,,,,,,,,,,,,,,,,,,,,,,,,
wigs,HTML,2020-11-18,whaleen,,,,,,,,,,,,,,,,,,,,,,,,,,,,,,,,,,,,,,,,,,,,,,,,,,,,,,,,,,,,,,,,,,,,,,,,,,,,
magamarket,JavaScript,2020-11-15,whaleen,,,,,,,,,,,,,,,,,,,,,,,,,,,,,,,,,,,,,,,,,,,,,,,,,,,,,,,,,,,,,,,,,,,,,,,,,,,,
marvelous-goose-cbf3f,SCSS,2020-11-12,whaleen,,,,,,,,,,,,,,,,,,,,,,,,,,,,,,,,,,,,,,,,,,,,,,,,,,,,,,,,,,,,,,,,,,,,,,,,,,,,
0x4447_template_office_jekyll,CSS,2021-07-21,whaleen,,,,,,,,,,,,,,,,,,,,,,,,,,,,,,,,,,,,,,,,,,,,,,,,,,,,,,,,,,,,,,,,,,,,,,,,,,,,
11ty-lang,CSS,2020-05-14,whaleen,,,,,,,,,,,,,,,,,,,,,,,,,,,,,,,,,,,,,,,,,,,,,,,,,,,,,,,,,,,,,,,,,,,,,,,,,,,,
houseparty-11ty,CSS,2020-05-06,whaleen,,,,,,,,,,,,,,,,,,,,,,,,,,,,,,,,,,,,,,,,,,,,,,,,,,,,,,,,,,,,,,,,,,,,,,,,,,,,
Textpattern-Foundation,JavaScript,2020-02-27,whaleen,,,,,,,,,,,,,,,,,,,,,,,,,,,,,,,,,,,,,,,,,,,,,,,,,,,,,,,,,,,,,,,,,,,,,,,,,,,,
cryptocurrency,HTML,2020-03-13,whaleen,,,,,,,,,,,,,,,,,,,,,,,,,,,,,,,,,,,,,,,,,,,,,,,,,,,,,,,,,,,,,,,,,,,,,,,,,,,,
test,HTML,2020-03-11,whaleen,,,,,,,,,,,,,,,,,,,,,,,,,,,,,,,,,,,,,,,,,,,,,,,,,,,,,,,,,,,,,,,,,,,,,,,,,,,,
11ty-vndr,HTML,2020-03-11,whaleen,,,,,,,,,,,,,,,,,,,,,,,,,,,,,,,,,,,,,,,,,,,,,,,,,,,,,,,,,,,,,,,,,,,,,,,,,,,,
11ty-vndrs,HTML,2020-03-11,whaleen,,,,,,,,,,,,,,,,,,,,,,,,,,,,,,,,,,,,,,,,,,,,,,,,,,,,,,,,,,,,,,,,,,,,,,,,,,,,
jvaage,HTML,2020-03-07,whaleen,,,,,,,,,,,,,,,,,,,,,,,,,,,,,,,,,,,,,,,,,,,,,,,,,,,,,,,,,,,,,,,,,,,,,,,,,,,,
btc-richest,HTML,2020-03-06,whaleen,,,,,,,,,,,,,,,,,,,,,,,,,,,,,,,,,,,,,,,,,,,,,,,,,,,,,,,,,,,,,,,,,,,,,,,,,,,,
txp-cli,JavaScript,2020-03-02,whaleen,,,,,,,,,,,,,,,,,,,,,,,,,,,,,,,,,,,,,,,,,,,,,,,,,,,,,,,,,,,,,,,,,,,,,,,,,,,,
11ty-tachyons,HTML,2023-11-19,whaleen,,,,,,,,,,,,,,,,,,,,,,,,,,,,,,,,,,,,,,,,,,,,,,,,,,,,,,,,,,,,,,,,,,,,,,,,,,,,
joshuavaage.com,CSS,2020-02-27,whaleen,,,,,,,,,,,,,,,,,,,,,,,,,,,,,,,,,,,,,,,,,,,,,,,,,,,,,,,,,,,,,,,,,,,,,,,,,,,,
jekyll-starter,—,2020-02-18,whaleen,,,,,,,,,,,,,,,,,,,,,,,,,,,,,,,,,,,,,,,,,,,,,,,,,,,,,,,,,,,,,,,,,,,,,,,,,,,,
jekyll-tachyons,CSS,2021-11-09,whaleen,,,,,,,,,,,,,,,,,,,,,,,,,,,,,,,,,,,,,,,,,,,,,,,,,,,,,,,,,,,,,,,,,,,,,,,,,,,,
jekyll-wants-content,CSS,2020-01-08,whaleen,,,,,,,,,,,,,,,,,,,,,,,,,,,,,,,,,,,,,,,,,,,,,,,,,,,,,,,,,,,,,,,,,,,,,,,,,,,,
jekyll-asciidocs-netlify,Ruby,2020-01-04,whaleen,,,,,,,,,,,,,,,,,,,,,,,,,,,,,,,,,,,,,,,,,,,,,,,,,,,,,,,,,,,,,,,,,,,,,,,,,,,,
asciidoc-jekyll,—,2020-01-04,whaleen,,,,,,,,,,,,,,,,,,,,,,,,,,,,,,,,,,,,,,,,,,,,,,,,,,,,,,,,,,,,,,,,,,,,,,,,,,,,
breen-image-chooser,CSS,2019-12-20,whaleen,,,,,,,,,,,,,,,,,,,,,,,,,,,,,,,,,,,,,,,,,,,,,,,,,,,,,,,,,,,,,,,,,,,,,,,,,,,,
tachyons-modules,CSS,2019-12-20,whaleen,,,,,,,,,,,,,,,,,,,,,,,,,,,,,,,,,,,,,,,,,,,,,,,,,,,,,,,,,,,,,,,,,,,,,,,,,,,,
cf,CSS,2017-02-15,whaleen,,,,,,,,,,,,,,,,,,,,,,,,,,,,,,,,,,,,,,,,,,,,,,,,,,,,,,,,,,,,,,,,,,,,,,,,,,,,
mntr-podcasts,HTML,2020-03-02,whaleen,,,,,,,,,,,,,,,,,,,,,,,,,,,,,,,,,,,,,,,,,,,,,,,,,,,,,,,,,,,,,,,,,,,,,,,,,,,,
sample-datocms-jekyll-portfolio,CSS,2017-02-16,whaleen,,,,,,,,,,,,,,,,,,,,,,,,,,,,,,,,,,,,,,,,,,,,,,,,,,,,,,,,,,,,,,,,,,,,,,,,,,,,
RobbeSneyders.github.io,CSS,2017-02-16,whaleen,,,,,,,,,,,,,,,,,,,,,,,,,,,,,,,,,,,,,,,,,,,,,,,,,,,,,,,,,,,,,,,,,,,,,,,,,,,,
cf-news,—,2017-01-04,whaleen,,,,,,,,,,,,,,,,,,,,,,,,,,,,,,,,,,,,,,,,,,,,,,,,,,,,,,,,,,,,,,,,,,,,,,,,,,,,
whaleen.github.io,HTML,2016-12-21,whaleen,,,,,,,,,,,,,,,,,,,,,,,,,,,,,,,,,,,,,,,,,,,,,,,,,,,,,,,,,,,,,,,,,,,,,,,,,,,,
jekyll-theme-poise,CSS,2019-12-09,whaleen,,,,,,,,,,,,,,,,,,,,,,,,,,,,,,,,,,,,,,,,,,,,,,,,,,,,,,,,,,,,,,,,,,,,,,,,,,,,
jekyll-manifest.json,—,2023-08-03,whaleen,,,,,,,,,,,,,,,,,,,,,,,,,,,,,,,,,,,,,,,,,,,,,,,,,,,,,,,,,,,,,,,,,,,,,,,,,,,,
ironrepublic,—,2016-12-20,whaleen,,,,,,,,,,,,,,,,,,,,,,,,,,,,,,,,,,,,,,,,,,,,,,,,,,,,,,,,,,,,,,,,,,,,,,,,,,,,
jekyll-agency-theme,HTML,2016-12-18,whaleen,,,,,,,,,,,,,,,,,,,,,,,,,,,,,,,,,,,,,,,,,,,,,,,,,,,,,,,,,,,,,,,,,,,,,,,,,,,,
jekyll-theme-antarctica,HTML,2016-12-20,whaleen,,,,,,,,,,,,,,,,,,,,,,,,,,,,,,,,,,,,,,,,,,,,,,,,,,,,,,,,,,,,,,,,,,,,,,,,,,,,
sunrisechurch.us,JavaScript,2016-12-10,whaleen,,,,,,,,,,,,,,,,,,,,,,,,,,,,,,,,,,,,,,,,,,,,,,,,,,,,,,,,,,,,,,,,,,,,,,,,,,,,
apj-redesign,HTML,2016-11-04,whaleen,,,,,,,,,,,,,,,,,,,,,,,,,,,,,,,,,,,,,,,,,,,,,,,,,,,,,,,,,,,,,,,,,,,,,,,,,,,,
joshuavaage,HTML,2016-11-03,whaleen,,,,,,,,,,,,,,,,,,,,,,,,,,,,,,,,,,,,,,,,,,,,,,,,,,,,,,,,,,,,,,,,,,,,,,,,,,,,
forestry-jekyll-githubpages,—,2016-10-29,whaleen,,,,,,,,,,,,,,,,,,,,,,,,,,,,,,,,,,,,,,,,,,,,,,,,,,,,,,,,,,,,,,,,,,,,,,,,,,,,
sakuragroup.co,JavaScript,2016-02-08,whaleen,,,,,,,,,,,,,,,,,,,,,,,,,,,,,,,,,,,,,,,,,,,,,,,,,,,,,,,,,,,,,,,,,,,,,,,,,,,,
tachyons-ui-loading-component,CSS,2016-03-25,whaleen,,,,,,,,,,,,,,,,,,,,,,,,,,,,,,,,,,,,,,,,,,,,,,,,,,,,,,,,,,,,,,,,,,,,,,,,,,,,
keystroke-codes,CSS,2016-03-25,whaleen,,,,,,,,,,,,,,,,,,,,,,,,,,,,,,,,,,,,,,,,,,,,,,,,,,,,,,,,,,,,,,,,,,,,,,,,,,,,
justdust,CSS,2016-02-26,whaleen,,,,,,,,,,,,,,,,,,,,,,,,,,,,,,,,,,,,,,,,,,,,,,,,,,,,,,,,,,,,,,,,,,,,,,,,,,,,
pelican,CSS,2016-02-21,whaleen,,,,,,,,,,,,,,,,,,,,,,,,,,,,,,,,,,,,,,,,,,,,,,,,,,,,,,,,,,,,,,,,,,,,,,,,,,,,
ingas-books,—,2015-11-23,whaleen,,,,,,,,,,,,,,,,,,,,,,,,,,,,,,,,,,,,,,,,,,,,,,,,,,,,,,,,,,,,,,,,,,,,,,,,,,,,
Textpattern-Bootstrap,CSS,2015-11-20,whaleen,,,,,,,,,,,,,,,,,,,,,,,,,,,,,,,,,,,,,,,,,,,,,,,,,,,,,,,,,,,,,,,,,,,,,,,,,,,,
txp-shop,JavaScript,2016-12-12,whaleen,,,,,,,,,,,,,,,,,,,,,,,,,,,,,,,,,,,,,,,,,,,,,,,,,,,,,,,,,,,,,,,,,,,,,,,,,,,,
OpenVintage,JavaScript,2013-08-22,whaleen,,,,,,,,,,,,,,,,,,,,,,,,,,,,,,,,,,,,,,,,,,,,,,,,,,,,,,,,,,,,,,,,,,,,,,,,,,,,
openvintage_com,Ruby,2013-08-07,whaleen,,,,,,,,,,,,,,,,,,,,,,,,,,,,,,,,,,,,,,,,,,,,,,,,,,,,,,,,,,,,,,,,,,,,,,,,,,,,
dglarchitects.dev,PHP,2019-12-12,whaleen,,,,,,,,,,,,,,,,,,,,,,,,,,,,,,,,,,,,,,,,,,,,,,,,,,,,,,,,,,,,,,,,,,,,,,,,,,,,
wha_hybridauth,PHP,2014-10-11,whaleen,,,,,,,,,,,,,,,,,,,,,,,,,,,,,,,,,,,,,,,,,,,,,,,,,,,,,,,,,,,,,,,,,,,,,,,,,,,,
earth,TypeScript,2025-11-29T01:11:09Z,nothingdao,yes,,active,,,no,React,,Node.js,postgres,Solana,yes,no,no,good,good,yes,yes,"Web3,Solana,Game,NFT,Multiplayer",yes,game,no,Web3 post-apocalyptic survival game with NFT characters,1,0,1,0,16231,2025-05-28T22:46:19Z,2025-11-29T01:11:05Z,"Web3 post-apocalyptic survival game with Solana NFT characters, real-time multiplayer, autonomous NPC system, and complex EARTH token economy",https://earth.ndao.computer,nothingdao/earth,TypeScript,"TypeScript: 78.3%, JavaScript: 20.0%, CSS: 1.5%","blockchain-gaming,character-creation,crypto-gaming,metaverse,multiplayer,netlify-functions,post-apocalyptic,react-game,solana-nft,supabase-realtime,survival-game,token-economy,typescript-game,virtual-economy,web3-game,gaming-defi,npc-engine,web3-rpg",no,no,no,no,public,no,yes,yes,no,yes,main,MIT,MIT License,https://github.com/nothingdao/earth,https://github.com/nothingdao/earth.git,git://github.com/nothingdao/earth.git,git@github.com:nothingdao/earth.git,0,0,1+,0,,https://opengraph.githubassets.com/1/nothingdao/earth,https://github.com/nothingdao/earth/blob/main/README.md,10490,README.md,yes,,,/readmes/nothingdao/earth.md,new postgres who dis,2025-11-29T01:10:55Z,whaleen,"Earth 2089 - Mine, Trade, Yap & Explore","Enter a world where we mine rare objects, trade artifacts, shoot the shit, and explore the world regions as they are rolled out...",https://earth.ndao.computer/earth-og-image.jpg,website,https://earth.ndao.computer/,,https://earth.ndao.computer/earth.png
chair,—,2025-08-02,nothingdao,yes,,,,,,,,,,,,,,,,no,no,,no,other,yes,,,,,,,,,,,,,,,,,,,,,,,,,,,,,,,,,,,,,,,,,,,,,,,,,,,,,,
studio-sites,TypeScript,2025-07-22,nothingdao,yes,,active,,,no,Next.js,Tailwind,Node.js,postgres,none,no,no,no,basic,basic,no,no,"React,Next.js,Sites",no,website,no,,,,,,,,,,,,,,,,,,,,,,,,,,,,,,,,,,,,,,,,,,,,,,,,,,,,,,
solana-wallet-scanner,TypeScript,2025-08-15,nothingdao,no,,active,,,no,React,Tailwind,Node.js,none,Solana,yes,no,no,good,good,yes,no,"Web3,Solana,Security",yes,tool,no,Scan wallets for scam tokens and malicious approvals,,,,,,,,,,,,,,,,,,,,,,,,,,,,,,,,,,,,,,,,,,,,,,,,,,,,,
cntx-stories,TypeScript,2025-07-02,nothingdao,no,,active,,,no,React,Tailwind,Node.js,none,none,no,no,no,good,good,yes,no,"AI,Framework,Workflow",no,library,no,AI agent workflow framework with Stories/Activities/Steps,,,,,,,,,,,,,,,,,,,,,,,,,,,,,,,,,,,,,,,,,,,,,,,,,,,,,
cntx-ui,JavaScript,2025-07-02T03:13:40Z,nothingdao,no,,active,,,no,React,Tailwind,Node.js,none,none,no,no,no,good,good,yes,yes,"AI,Tool,Workflow,MCP",yes,tool,no,File context management tool with MCP server for AI workflows,0,1,0,1,33959,2025-05-22T00:37:30Z,2025-07-02T03:13:37Z,File context management tool with web UI and MCP server for AI development workflows - bundle project files for LLM consumption,https://www.npmjs.com/package/cntx-ui,nothingdao/cntx-ui,JavaScript,"JavaScript: 52.4%, TypeScript: 45.7%, CSS: 1.5%","ai,bundling,codebase,development-tools,file-management,ai-development,ai-workflow,claude-desktop,cli-tool,context-management,file-aggregation,file-bundling,llm-tools,mcp-server,model-context-protocol,react,websocket,codebase-bundling,project-context",no,no,no,no,public,no,yes,yes,yes,yes,master,,,https://github.com/nothingdao/cntx-ui,https://github.com/nothingdao/cntx-ui.git,git://github.com/nothingdao/cntx-ui.git,git@github.com:nothingdao/cntx-ui.git,1,1,1+,0,,https://opengraph.githubassets.com/1/nothingdao/cntx-ui,https://github.com/nothingdao/cntx-ui/blob/master/README.md,8016,README.md,yes,,,/readmes/nothingdao/cntx-ui.md,,,,,,,,,,
bump-gui,TypeScript,2025-07-02,nothingdao,no,,active,,,no,React,Tailwind,Node.js,none,Solana,yes,no,no,good,good,yes,no,"Web3,Solana,Tool",no,app,no,Web3 GUI for automated Solana token bumping,,,,,,,,,,,,,,,,,,,,,,,,,,,,,,,,,,,,,,,,,,,,,,,,,,,,,
.github,—,2025-05-28,nothingdao,no,,,,,,,,,,,,,,,,no,no,,no,other,no,Org config,,,,,,,,,,,,,,,,,,,,,,,,,,,,,,,,,,,,,,,,,,,,,,,,,,,,,
shadcn-solana,JavaScript,2025-06-20,nothingdao,yes,,active,,,no,CLI,React,Node.js,none,Solana,no,no,no,good,good,yes,yes,"Web3,Solana,CLI,shadcn",yes,tool,no,CLI tool for installing Solana components with shadcn/ui,,,,,,,,,,,,,,,,,,,,,,,,,,,,,,,,,,,,,,,,,,,,,,,,,,,,,
spnsr,TypeScript,2025-06-20T12:31:44Z,nothingdao,no,,active,,,no,React,Tailwind,none,none,Solana,yes,no,no,good,good,yes,yes,"Web3,Solana,Component",yes,library,no,Donation badge system for Solana projects,0,1,0,0,609,2025-05-24T21:50:32Z,2025-05-28T04:48:09Z,Donation badges for Solana projects. Embeddable React component and static badges for accepting SOL donations.,https://spnsr.ndao.computer,nothingdao/spnsr,TypeScript,"TypeScript: 92.5%, CSS: 4.4%, JavaScript: 1.9%","badges,blockchain,component,cryptocurrency,donations,fundraising,react,solana,sponsorship,web3",no,no,no,no,public,no,yes,no,no,yes,main,,,https://github.com/nothingdao/spnsr,https://github.com/nothingdao/spnsr.git,git://github.com/nothingdao/spnsr.git,git@github.com:nothingdao/spnsr.git,0,1,1+,0,,https://opengraph.githubassets.com/1/nothingdao/spnsr,https://github.com/nothingdao/spnsr/blob/main/README.md,1596,README.md,yes,,,/readmes/nothingdao/spnsr.md,,,,,,,,,,
solana-bundler-detector,TypeScript,2025-05-26,nothingdao,no,,active,,,no,React,Tailwind,Node.js,none,Solana,yes,no,no,basic,basic,no,no,"Web3,Solana,Analytics",no,tool,no,Analyze token transactions for coordinated buying patterns,,,,,,,,,,,,,,,,,,,,,,,,,,,,,,,,,,,,,,,,,,,,,,,,,,,,,
helius-sdk,TypeScript,2025-05-22,nothingdao,no,,,,,,,,,,,,,,,,,,no,no,,no,library,,,,,,,,,,,,,,,,,,,,,,,,,,,,,,,,,,,,,,,,,,,,,,,,,,,,,
helius-das-api,TypeScript,2024-12-15,nothingdao,no,,active,,,no,,,Node.js,none,Solana,no,no,no,basic,basic,no,no,"Web3,Solana,API",no,library,no,,,,,,,,,,,,,,,,,,,,,,,,,,,,,,,,,,,,,,,,,,,,,,,,,,,,,,
solana-discord-paywall,TypeScript,2024-12-11,nothingdao,no,,active,,,no,,,Node.js,none,Solana,yes,no,no,basic,basic,no,no,"Web3,Solana,Discord",no,tool,no,,,,,,,,,,,,,,,,,,,,,,,,,,,,,,,,,,,,,,,,,,,,,,,,,,,,,,
solana-token-manager,TypeScript,2025-03-26,nothingdao,no,,active,,,no,React,Tailwind,Node.js,none,Solana,yes,no,no,good,good,yes,no,"Web3,Solana,Tool",yes,app,no,Comprehensive GUI for managing SPL and Token-2022 features,,,,,,,,,,,,,,,,,,,,,,,,,,,,,,,,,,,,,,,,,,,,,,,,,,,,,
solana-wallet-ui-branded,TypeScript,2025-06-20,nothingdao,no,,active,,,no,React,Tailwind,none,none,Solana,yes,no,no,good,good,yes,no,"Web3,Solana,UI,Component",yes,library,no,Customizable Solana wallet UI kit with full theme control,,,,,,,,,,,,,,,,,,,,,,,,,,,,,,,,,,,,,,,,,,,,,,,,,,,,,
ndao.computer,TypeScript,2025-05-22,nothingdao,no,,active,http://ndao.computer,Vercel,no,Next.js,Tailwind,none,none,none,no,no,no,basic,basic,no,no,"Next.js,Website",no,website,no,nothingdao org website,,,,,,,,,,,,,,,,,,,,,,,,,,,,,,,,,,,,,,,,,,,,,,,,,,,,,
orthfx,TypeScript,2026-01-02T03:41:48Z,orthfx,yes,,active,,,yes,React,Tailwind,none,none,none,no,no,basic,basic,yes,no,"React,PWA,Orthodox",no,app,no,Main orthfx org repo,,0,0,0,0,565,2023-08-02T00:41:53Z,2026-01-02T03:41:44Z,,https://orthfx.netlify.app,orthfx/orthfx,TypeScript,"TypeScript: 80.2%, CSS: 16.6%, HTML: 3.3%",,no,no,no,no,public,no,yes,yes,yes,yes,main,,,https://github.com/orthfx/orthfx,https://github.com/orthfx/orthfx.git,git://github.com/orthfx/orthfx.git,git@github.com:orthfx/orthfx.git,0,0,1+,0,,https://opengraph.githubassets.com/1/orthfx/orthfx,https://github.com/orthfx/orthfx/blob/main/README.md,811,README.md,yes,,,,,,,,,,,,,
jpb,TypeScript,2025-12-20T20:37:24Z,orthfx,yes,,active,,,yes,React,Tailwind,none,none,none,no,no,good,good,yes,yes,"React,PWA,Orthodox,Prayer",yes,app,no,Digital Orthodox Christian prayer book app - Jordanville Prayer Book,,0,0,0,0,467,2025-12-20T20:02:28Z,2025-12-20T20:37:21Z,A digital Orthodox Christian prayer book app based on the Jordanville Prayer Book published by Holy Trinity Monastery.,https://jordanville-prayer-book.netlify.app/,orthfx/jpb,TypeScript,"TypeScript: 92.2%, CSS: 6.9%, JavaScript: 0.6%","christianity,orthodox,prayer",no,no,no,no,public,no,yes,yes,yes,yes,main,,,https://github.com/orthfx/jpb,https://github.com/orthfx/jpb.git,git://github.com/orthfx/jpb.git,git@github.com:orthfx/jpb.git,0,0,1+,0,,https://opengraph.githubassets.com/1/orthfx/jpb,https://github.com/orthfx/jpb/blob/main/README.md,4250,README.md,yes,,,,,,,,,,,,,
orthodox-reader,MDX,2025-10-19T21:55:21Z,orthfx,yes,,active,,,yes,React,Tailwind,none,none,none,no,no,good,good,yes,yes,"React,PWA,Orthodox,Bible,Audio",yes,app,no,Mobile-first Bible reader with continuous scroll and audio sync,,0,0,0,0,3919,2025-10-19T19:36:32Z,2025-10-19T20:05:43Z,"A minimal, mobile-first Bible reading application featuring continuous scroll, synchronized audio narration, and a distraction-free reading experience. Built with React, TypeScript, and Tailwind CSS.",https://orthodox-reader.netlify.app/,orthfx/orthodox-reader,MDX,"MDX: 97.6%, TypeScript: 2.2%, JavaScript: 0.1%","orthodox-christianity,nkjv",no,no,no,no,public,no,yes,yes,yes,yes,main,,,https://github.com/orthfx/orthodox-reader,https://github.com/orthfx/orthodox-reader.git,git://github.com/orthfx/orthodox-reader.git,git@github.com:orthfx/orthodox-reader.git,0,0,1+,0,,https://opengraph.githubassets.com/1/orthfx/orthodox-reader,https://github.com/orthfx/orthodox-reader/blob/main/README.md,7450,README.md,yes,,,,,,,,,,,,,
orthobot,JavaScript,2023-08-04T00:30:10Z,orthfx,yes,,archived,,,no,,,Node.js,none,none,no,no,no,basic,basic,no,no,"Bot,Orthodox",no,tool,yes,,0,0,0,0,1485,2023-08-04T00:29:04Z,2023-08-04T22:15:51Z,,,orthfx/orthobot,JavaScript,JavaScript: 100.0%,,no,no,no,no,public,no,yes,yes,yes,yes,main,,,https://github.com/orthfx/orthobot,https://github.com/orthfx/orthobot.git,git://github.com/orthfx/orthobot.git,git@github.com:orthfx/orthobot.git,0,0,1+,0,,https://opengraph.githubassets.com/1/orthfx/orthobot,https://github.com/orthfx/orthobot/blob/main/README.md,2128,README.md,yes,,,/readmes/orthfx/orthobot.md,remove (nkjv) text from /random reply footer,2023-08-04T22:15:46Z,Fran Swan,,,,,,,
orthodox-nkjv,JavaScript,2024-02-01,orthfx,yes,,active,,,no,,,Node.js,none,none,no,no,good,good,yes,no,"Node.js,Bible,Library",no,library,no,Node.js module containing Orthodox Canon NKJV Bible text,,,,,,,,,,,,,,,,,,,,,,,,,,,,,,,,,,,,,,,,,,,,,,,,,,,,,,
motherbored,TypeScript,2024-12-08,boringprotocol,,,,,,,,,,,,,,,,,,,,,,,Peer management GUI - PINNED,,,,,,,,,,,,,,,,,,,,,,,,,,,,,,,,,,,,,,,,,,,,,,,,,,,,,
boring-name-generator,JavaScript,2025-08-22,boringprotocol,,,,,,,,,,,,,,,,,,,,,,,Name generator - PINNED,,,,,,,,,,,,,,,,,,,,,,,,,,,,,,,,,,,,,,,,,,,,,,,,,,,,,
boringprotocol-io,TypeScript,2024-04-12,boringprotocol,,,,,,,,,,,,,,,,,,,,,,,Org website - PINNED,,,,,,,,,,,,,,,,,,,,,,,,,,,,,,,,,,,,,,,,,,,,,,,,,,,,,
boring-scripts,Shell,2022-12-01,boringprotocol,,,,,,,,,,,,,,,,,,,,,,,Motherbored scripts (ARM),,,,,,,,,,,,,,,,,,,,,,,,,,,,,,,,,,,,,,,,,,,,,,,,,,,,,
connect-pi,TypeScript,2025-10-27,boringprotocol,,,,,,,,,,,,,,,,,,,,,,,PINNED,,,,,,,,,,,,,,,,,,,,,,,,,,,,,,,,,,,,,,,,,,,,,,,,,,,,,
docs,JavaScript,2022-12-15,boringprotocol,,,,,,,,,,,,,,,,,,,,,,,Motherbored docs,,,,,,,,,,,,,,,,,,,,,,,,,,,,,,,,,,,,,,,,,,,,,,,,,,,,,
boring-scripts-intel,Shell,2022-11-26,boringprotocol,,,,,,,,,,,,,,,,,,,,,,,Motherbored scripts (Intel),,,,,,,,,,,,,,,,,,,,,,,,,,,,,,,,,,,,,,,,,,,,,,,,,,,,,
federated-network,—,2023-03-02,boringprotocol,,,,,,,,,,,,,,,,,,,,,,,Network specs,,,,,,,,,,,,,,,,,,,,,,,,,,,,,,,,,,,,,,,,,,,,,,,,,,,,,
boring,Go,2023-02-17,boringprotocol,,,,,,,,,,,,,,,,,,,,,,,,,,,,,,,,,,,,,,,,,,,,,,,,,,,,,,,,,,,,,,,,,,,,,,,,,,,,
boperator-nft-data,JavaScript,2022-11-21,boringprotocol,,,,,,,,,,,,,,,,,,,,,,,NFT data,,,,,,,,,,,,,,,,,,,,,,,,,,,,,,,,,,,,,,,,,,,,,,,,,,,,,
brand-assets,—,2022-10-02,boringprotocol,,,,,,,,,,,,,,,,,,,,,,,Legacy assets,,,,,,,,,,,,,,,,,,,,,,,,,,,,,,,,,,,,,,,,,,,,,,,,,,,,,
dev-notes,—,2024-07-25,boringprotocol,,,,,,,,,,,,,,,,,,,,,,,,,,,,,,,,,,,,,,,,,,,,,,,,,,,,,,,,,,,,,,,,,,,,,,,,,,,,
ip-is-in,Go,2022-12-08,boringprotocol,,,,,,,,,,,,,,,,,,,,,,,Subnet utility,,,,,,,,,,,,,,,,,,,,,,,,,,,,,,,,,,,,,,,,,,,,,,,,,,,,,
claim-boperator-server,TypeScript,2022-11-21,boringprotocol,,,,,,,,,,,,,,,,,,,,,,,NFT claim server,,,,,,,,,,,,,,,,,,,,,,,,,,,,,,,,,,,,,,,,,,,,,,,,,,,,,
claim-boperator,TypeScript,2022-11-20,boringprotocol,,,,,,,,,,,,,,,,,,,,,,,,,,,,,,,,,,,,,,,,,,,,,,,,,,,,,,,,,,,,,,,,,,,,,,,,,,,,
bop-strapi,TypeScript,2022-10-12,boringprotocol,,,,,,,,,,,,,,,,,,,,,,,,,,,,,,,,,,,,,,,,,,,,,,,,,,,,,,,,,,,,,,,,,,,,,,,,,,,,
mobile,—,2022-10-08,boringprotocol,,,,,,,,,,,,,,,,,,,,,,,,,,,,,,,,,,,,,,,,,,,,,,,,,,,,,,,,,,,,,,,,,,,,,,,,,,,,
boring-bird,JavaScript,2022-09-30,boringprotocol,,,,,,,,,,,,,,,,,,,,,,,Twitter bot,,,,,,,,,,,,,,,,,,,,,,,,,,,,,,,,,,,,,,,,,,,,,,,,,,,,,
mb-nft,—,2022-10-07,boringprotocol,,,,,,,,,,,,,,,,,,,,,,,,,,,,,,,,,,,,,,,,,,,,,,,,,,,,,,,,,,,,,,,,,,,,,,,,,,,,
whitepaper,—,2022-10-01,boringprotocol,,,,,,,,,,,,,,,,,,,,,,,,,,,,,,,,,,,,,,,,,,,,,,,,,,,,,,,,,,,,,,,,,,,,,,,,,,,,
bops-ur-uncle,JavaScript,2022-07-30,boringprotocol,,,,,,,,,,,,,,,,,,,,,,,Discord bot,,,,,,,,,,,,,,,,,,,,,,,,,,,,,,,,,,,,,,,,,,,,,,,,,,,,,
bopbot,JavaScript,2023-01-27,boringprotocol,,,,,,,,,,,,,,,,,,,,,,,ARCHIVED - Discord bot,,,,,,,,,,,,,,,,,,,,,,,,,,,,,,,,,,,,,,,,,,,,,,,,,,,,,
boringbox-config-api,Python,2023-01-27,boringprotocol,,,,,,,,,,,,,,,,,,,,,,,ARCHIVED,,,,,,,,,,,,,,,,,,,,,,,,,,,,,,,,,,,,,,,,,,,,,,,,,,,,,
motherbored-linux-scripts,—,2023-01-27,boringprotocol,,,,,,,,,,,,,,,,,,,,,,,ARCHIVED,,,,,,,,,,,,,,,,,,,,,,,,,,,,,,,,,,,,,,,,,,,,,,,,,,,,,
boringbox-config-webgui,JavaScript,2023-01-27,boringprotocol,,,,,,,,,,,,,,,,,,,,,,,ARCHIVED,,,,,,,,,,,,,,,,,,,,,,,,,,,,,,,,,,,,,,,,,,,,,,,,,,,,,
boringbox-node,Python,2023-01-27,boringprotocol,,,,,,,,,,,,,,,,,,,,,,,ARCHIVED,,,,,,,,,,,,,,,,,,,,,,,,,,,,,,,,,,,,,,,,,,,,,,,,,,,,,
boringbox-access-point,Python,2023-01-27,boringprotocol,,,,,,,,,,,,,,,,,,,,,,,ARCHIVED,,,,,,,,,,,,,,,,,,,,,,,,,,,,,,,,,,,,,,,,,,,,,,,,,,,,,
bop-update-server,—,2023-01-27,boringprotocol,,,,,,,,,,,,,,,,,,,,,,,ARCHIVED,,,,,,,,,,,,,,,,,,,,,,,,,,,,,,,,,,,,,,,,,,,,,,,,,,,,,
bop-token-services,—,2023-01-27,boringprotocol,,,,,,,,,,,,,,,,,,,,,,,ARCHIVED,,,,,,,,,,,,,,,,,,,,,,,,,,,,,,,,,,,,,,,,,,,,,,,,,,,,,
bop-settlement-service,Python,2023-01-27,boringprotocol,,,,,,,,,,,,,,,,,,,,,,,ARCHIVED,,,,,,,,,,,,,,,,,,,,,,,,,,,,,,,,,,,,,,,,,,,,,,,,,,,,,
bop-server,Python,2023-01-27,boringprotocol,,,,,,,,,,,,,,,,,,,,,,,ARCHIVED,,,,,,,,,,,,,,,,,,,,,,,,,,,,,,,,,,,,,,,,,,,,,,,,,,,,,
boringbox-build,—,2023-01-27,boringprotocol,,,,,,,,,,,,,,,,,,,,,,,ARCHIVED,,,,,,,,,,,,,,,,,,,,,,,,,,,,,,,,,,,,,,,,,,,,,,,,,,,,,
brand,—,2022-02-22,boringprotocol,,,,,,,,,,,,,,,,,,,,,,,,,,,,,,,,,,,,,,,,,,,,,,,,,,,,,,,,,,,,,,,,,,,,,,,,,,,,
mobile-ui,JavaScript,2022-01-26,boringprotocol,,,,,,,,,,,,,,,,,,,,,,,,,,,,,,,,,,,,,,,,,,,,,,,,,,,,,,,,,,,,,,,,,,,,,,,,,,,,
motherbored.limited,Nunjucks,2022-02-22,boringprotocol,,,,,,,,,,,,,,,,,,,,,,,,,,,,,,,,,,,,,,,,,,,,,,,,,,,,,,,,,,,,,,,,,,,,,,,,,,,,
